Rk,Player,Tm,2022_23,2023_24,2024_25,2025_26,2026_27,2027_28,Guaranteed,-9999
1,Aaron Gordon,DEN,"$19,690,909 ","$21,266,182 ","$22,841,455 ","$22,841,455 ",,,"$63,798,546 ",gordoaa01
2,Aaron Holiday,ATL,"$1,836,090 ",,,,,,"$1,836,090 ",holidaa01
3,Aaron Nesmith,IND,"$3,804,360 ","$5,634,257 ",,,,,"$9,438,617 ",nesmiaa01
4,Aaron Wiggins,OKC,"$1,563,518 ","$1,836,096 ","$1,988,598 ",,,,,wiggiaa01
5,AJ Griffin,ATL,"$3,536,160 ","$3,712,920 ","$3,889,920 ","$5,967,137 ",,,"$7,249,080 ",griffaj01
6,Al Horford,BOS,"$26,500,000 ","$10,000,000 ","$9,500,000 ",,,,"$46,000,000 ",horfoal01
7,Alec Burks,DET,"$10,012,800 ","$10,489,600 ",,,,,"$10,012,800 ",burksal01
8,Aleksej Pokusevski,OKC,"$3,261,480 ","$5,009,633 ",,,,,"$8,271,113 ",pokusal01
9,Alex Caruso,CHI,"$9,030,000 ","$9,460,000 ","$9,890,000 ",,,,"$28,380,000 ",carusal01
10,Alex Len,SAC,"$3,918,600 ",,,,,,"$3,918,600 ",lenal01
11,Alize Johnson,SAS,"$1,392,896 ",,,,,,"$1,392,896 ",johnsal02
12,Alperen ?engün,HOU,"$3,375,360 ","$3,536,280 ","$5,424,654 ",,,,"$6,911,640 ",sengual01
13,Amir Coffey,LAC,"$3,395,062 ","$3,666,667 ","$3,938,271 ",,,,"$11,000,000 ",coffeam01
14,Andre Drummond,CHI,"$3,200,000 ","$3,360,000 ",,,,,"$6,560,000 ",drumman01
15,Andre Iguodala,GSW,"$1,836,090 ",,,,,,"$1,836,090 ",iguodan01
16,Andrew Nembhard,IND,"$2,244,111 ","$2,131,905 ","$2,019,699 ","$2,187,451 ",,,"$6,395,715 ",nembhan01
17,Andrew Nicholson,POR,"$2,844,430 ","$2,844,430 ",,,,,"$5,688,860 ",nichoan01
18,Andrew Wiggins,GSW,"$33,616,770 ","$24,330,357 ","$26,276,786 ","$28,223,215 ","$30,169,644 ",,"$112,447,128 ",wiggian01
19,Anfernee Simons,POR,"$22,321,429 ","$24,107,143 ","$25,892,857 ","$27,678,571 ",,,"$100,000,000 ",simonan01
20,Anthony Davis,LAL,"$37,980,720 ","$40,600,080 ","$43,219,440 ",,,,"$78,580,800 ",davisan02
21,Anthony Edwards,MIN,"$10,733,400 ","$13,534,817 ",,,,,"$24,268,217 ",edwaran01
22,Anthony Gill,WAS,"$1,836,090 ","$1,997,238 ",,,,,"$3,833,328 ",gillan01
23,Austin Reaves,LAL,"$1,563,518 ",,,,,,"$1,563,518 ",reaveau01
24,Austin Rivers,MIN,"$1,836,090 ",,,,,,"$650,000 ",riverau01
25,Ayo Dosunmu,CHI,"$1,563,518 ",,,,,,,dosunay01
26,Bam Adebayo,MIA,"$30,351,780 ","$32,600,060 ","$34,848,340 ","$37,096,620 ",,,"$134,896,800 ",adebaba01
27,Ben Simmons,BRK,"$35,448,672 ","$37,893,408 ","$40,338,144 ",,,,"$113,680,224 ",simmobe01
28,Bennedict Mathurin,IND,"$6,586,800 ","$6,916,080 ","$7,245,720 ","$9,187,573 ",,,"$13,502,880 ",mathube01
29,Bismack Biyombo,PHO,"$1,836,090 ",,,,,,"$1,836,090 ",biyombi01
30,Blake Griffin,BOS,"$1,836,090 ",,,,,,,griffbl01
31,Blake Wesley,SAS,"$2,385,480 ","$2,504,640 ","$2,624,280 ","$4,726,328 ",,,"$4,890,120 ",weslebl01
32,Boban Marjanovi?,HOU,"$3,500,000 ",,,,,,"$3,500,000 ",marjabo01
33,Bobby Portis,MIL,"$10,843,350 ","$11,710,818 ","$12,578,286 ","$13,445,754 ",,,"$35,132,454 ",portibo01
34,Bogdan Bogdanovi?,ATL,"$18,000,000 ","$18,000,000 ",,,,,"$36,000,000 ",bogdabo01
35,Bojan Bogdanovi?,DET,"$19,550,000 ","$20,000,000 ","$19,032,850 ",,,,"$39,550,000 ",bogdabo02
36,Bol Bol,ORL,"$2,200,000 ","$2,200,000 ",,,,,"$2,200,000 ",bolbo01
37,Bones Hyland,LAC,"$2,201,520 ","$2,306,400 ","$4,158,439 ",,,,"$4,507,920 ",hylanbo01
38,Bradley Beal,WAS,"$43,279,250 ","$46,741,590 ","$50,203,930 ","$53,666,270 ","$57,128,610 ",,"$193,891,040 ",bealbr01
39,Brandon Boston Jr.,LAC,"$1,563,518 ","$1,836,096 ",,,,,"$1,563,518 ",bostobr01
40,Brandon Clarke,MEM,"$4,343,920 ","$12,500,000 ","$12,500,000 ","$12,500,000 ","$12,500,000 ",,"$54,343,920 ",clarkbr01
41,Brandon Ingram,NOP,"$31,650,600 ","$33,833,400 ","$36,016,200 ",,,,"$101,500,200 ",ingrabr01
42,Brook Lopez,MIL,"$13,906,976 ",,,,,,"$13,906,976 ",lopezbr01
43,Bruce Brown,DEN,"$6,479,000 ","$6,802,950 ",,,,,"$6,479,000 ",brownbr01
44,Bruno Fernando,ATL,"$2,717,391 ","$2,581,522 ","$2,717,391 ","$2,853,260 ",,,"$2,717,391 ",fernabr01
45,Bryn Forbes,MIN,"$1,836,090 ",,,,,,"$1,836,090 ",forbebr01
46,Buddy Hield,IND,"$21,177,750 ","$19,279,841 ",,,,,"$40,457,591 ",hieldbu01
47,Cade Cunningham,DET,"$10,552,800 ","$11,055,360 ","$13,940,809 ",,,,"$21,608,160 ",cunnica01
48,Caleb Houstan,ORL,"$2,000,000 ","$2,000,000 ","$2,019,699 ","$2,187,699 ",,,"$4,000,000 ",houstca01
49,Caleb Martin,MIA,"$6,479,000 ","$6,802,950 ","$7,126,900 ",,,,"$20,408,850 ",martica02
50,Cam Reddish,POR,"$5,954,454 ",,,,,,"$5,954,454 ",reddica01
51,Cam Thomas,BRK,"$2,138,160 ","$2,240,160 ","$4,041,249 ",,,,"$2,138,160 ",thomaca02
52,Cameron Johnson,BRK,"$5,887,899 ",,,,,,"$5,887,899 ",johnsca02
53,Cameron Payne,PHO,"$6,000,000 ","$6,500,000 ",,,,,"$8,000,000 ",payneca01
54,Caris LeVert,CLE,"$18,796,296 ",,,,,,"$18,796,296 ",leverca01
55,Carlik Jones,CHI,,,,,,,"$1,637,966 ",jonesca03
56,Cedi Osman,CLE,"$7,426,088 ","$6,718,842 ",,,,,"$7,426,088 ",osmande01
57,Charles Bassey,PHI,"$2,574,742 ","$2,500,000 ","$2,500,000 ","$2,500,000 ",,,"$74,742 ",bassech01
58,Charles Bassey,SAS,"$2,574,742 ","$2,500,000 ","$2,500,000 ","$2,500,000 ",,,"$5,000,000 ",bassech01
59,Chet Holmgren,OKC,"$9,891,240 ","$10,386,000 ","$10,880,640 ","$13,731,368 ",,,"$20,277,240 ",holmgch01
60,Chima Moneke,SAC,"$500,000 ",,,,,,"$500,000 ",monekch01
61,Chimezie Metu,SAC,"$1,910,860 ",,,,,,"$1,910,860 ",metuch01
62,Chris Boucher,TOR,"$12,690,000 ","$11,750,000 ","$10,810,000 ",,,,"$35,250,000 ",bouchch01
63,Chris Duarte,IND,"$3,936,960 ","$4,124,400 ","$5,893,768 ",,,,"$8,061,360 ",duartch01
64,Chris Paul,PHO,"$28,400,000 ","$30,800,000 ","$30,000,000 ",,,,"$44,200,000 ",paulch01
65,Christian Braun,DEN,"$2,808,600 ","$2,949,120 ","$3,089,640 ","$4,921,797 ",,,"$5,757,720 ",braunch01
66,Christian Koloko,TOR,"$1,500,000 ","$1,719,864 ","$2,019,699 ",,,,"$3,219,864 ",kolokch01
67,Christian Wood,DAL,"$14,317,459 ",,,,,,"$14,317,459 ",woodch01
68,Chuma Okeke,ORL,"$3,433,320 ","$5,266,713 ",,,,,"$8,700,033 ",okekech01
69,CJ McCollum,NOP,"$33,333,333 ","$35,802,469 ","$33,333,333 ","$30,666,666 ",,,"$133,135,801 ",mccolcj01
70,Clint Capela,ATL,"$18,706,896 ","$20,616,000 ","$22,265,280 ",,,,"$61,588,176 ",capelca01
71,Coby White,CHI,"$7,413,955 ",,,,,,"$7,413,955 ",whiteco01
72,Cody Martin,CHO,"$7,000,000 ","$7,560,000 ","$8,120,000 ","$8,680,000 ",,,"$22,680,000 ",martico01
73,Cole Anthony,ORL,"$3,613,680 ","$5,539,771 ",,,,,"$9,153,451 ",anthoco01
74,Collin Sexton,UTA,"$16,500,000 ","$17,325,000 ","$18,150,000 ","$18,975,000 ",,,"$70,950,000 ",sextoco01
75,Corey Kispert,WAS,"$3,552,840 ","$3,722,040 ","$5,705,887 ",,,,"$7,274,880 ",kispeco01
76,Cory Joseph,DET,"$5,155,500 ",,,,,,"$5,155,500 ",josepco01
77,D.J. Augustin,HOU,"$333,333 ",,,,,,"$333,333 ",augusdj01
78,D.J. Wilson,TOR,"$250,000 ",,,,,,"$250,000 ",wilsodj01
79,D'Angelo Russell,LAL,"$31,377,750 ",,,,,,"$31,377,750 ",russeda01
80,Daishen Nix,HOU,"$1,563,518 ","$1,836,096 ","$1,988,598 ",,,,"$1,563,518 ",nixda01
81,Dalano Banton,TOR,"$1,563,518 ",,,,,,,bantoda01
82,Dalen Terry,CHI,"$3,191,400 ","$3,350,760 ","$3,510,480 ","$5,399,118 ",,,"$6,542,160 ",terryda01
83,Damian Jones,UTA,"$2,298,385 ","$2,586,665 ",,,,,"$2,298,385 ",jonesda03
84,Damian Lillard,POR,"$42,492,492 ","$45,640,084 ","$48,787,676 ","$58,545,211 ","$63,228,828 ",,"$195,465,463 ",lillada01
85,Damion Lee,PHO,"$1,836,090 ",,,,,,"$1,836,090 ",leeda03
86,Daniel Gafford,WAS,"$1,930,681 ","$12,402,000 ","$13,394,160 ","$14,386,320 ",,,"$42,113,161 ",gaffoda01
87,Daniel Theis,IND,"$8,694,369 ","$9,108,387 ","$9,522,405 ",,,,"$17,802,756 ",theisda01
88,Danilo Gallinari,BOS,"$16,907,880 ","$6,802,950 ",,,,,"$13,281,950 ",gallida01
89,Danilo Gallinari,SAS,"$16,907,880 ","$6,802,950 ",,,,,"$10,428,880 ",gallida01
90,Danny Green,CLE,"$11,710,528 ",,,,,,"$2,000,000 ",greenda02
91,Danny Green,HOU,"$11,710,528 ",,,,,,"$9,710,528 ",greenda02
92,Danuel House Jr.,PHI,"$4,105,000 ","$4,310,250 ",,,,,"$4,105,000 ",houseda01
93,Dario Šari?,OKC,"$9,240,000 ",,,,,,"$9,240,000 ",saricda01
94,Darius Bazley,PHO,"$4,264,629 ",,,,,,"$4,264,629 ",bazleda01
95,Darius Garland,CLE,"$8,920,795 ","$33,250,000 ","$35,910,000 ","$38,570,000 ","$41,230,000 ","$43,890,000 ","$201,770,795 ",garlada01
96,David Nwaba,OKC,"$5,022,000 ",,,,,,"$5,022,000 ",nwabada01
97,David Roddy,MEM,"$2,588,640 ","$2,718,240 ","$2,847,240 ","$4,831,766 ",,,"$5,306,880 ",roddyda01
98,Davion Mitchell,SAC,"$4,833,600 ","$5,063,640 ","$6,451,077 ",,,,"$9,897,240 ",mitchda01
99,D?vis Bert?ns,DAL,"$16,000,000 ","$17,000,000 ","$16,000,000 ",,,,"$44,000,000 ",bertada01
100,Davon Reed,LAL,"$1,902,133 ","$2,066,585 ",,,,,"$3,968,718 ",reedda01
101,Day'Ron Sharpe,BRK,"$2,109,480 ","$2,210,040 ","$3,989,122 ",,,,"$2,109,480 ",sharpda01
102,De'Aaron Fox,SAC,"$30,351,780 ","$32,600,060 ","$34,848,340 ","$37,096,620 ",,,"$134,896,800 ",foxde01
103,De'Andre Hunter,ATL,"$9,835,881 ","$20,089,286 ","$21,696,429 ","$23,303,571 ","$24,910,714 ",,"$99,835,881 ",huntede01
104,De'Anthony Melton,PHI,"$8,250,000 ","$8,000,000 ",,,,,"$9,750,000 ",meltode01
105,Dean Wade,CLE,"$1,930,681 ","$5,709,877 ","$6,166,667 ","$6,623,456 ",,,"$13,807,225 ",wadede01
106,Deandre Ayton,PHO,"$30,913,750 ","$32,459,438 ","$34,005,126 ","$35,550,814 ",,,"$132,929,128 ",aytonde01
107,DeAndre Jordan,DEN,"$9,663,997 ",,,,,,"$1,836,090 ",jordade01
108,DeAndre Jordan,DET,"$9,663,997 ",,,,,,"$7,827,907 ",jordade01
109,Dejounte Murray,ATL,"$16,571,120 ","$17,714,000 ",,,,,"$34,285,120 ",murrade01
110,Delon Wright,WAS,"$7,804,878 ","$8,195,122 ",,,,,"$16,000,000 ",wrighde01
111,DeMar DeRozan,CHI,"$27,300,000 ","$28,600,000 ",,,,,"$55,900,000 ",derozde01
112,Demetrius Jackson,BOS,"$92,857 ","$92,857 ",,,,,"$185,714 ",jacksde01
113,Deni Avdija,WAS,"$4,916,160 ","$6,263,188 ",,,,,"$11,179,348 ",avdijde01
114,Dennis Schröder,LAL,"$1,836,090 ",,,,,,"$1,836,090 ",schrode01
115,Dennis Smith Jr.,CHO,"$1,836,090 ",,,,,,,smithde03
116,Derrick Favors,HOU,"$10,183,800 ",,,,,,"$10,183,800 ",favorde01
117,Derrick Jones Jr.,CHI,"$3,200,000 ","$3,360,000 ",,,,,"$3,200,000 ",jonesde02
118,Derrick Rose,NYK,"$14,520,730 ","$15,596,339 ",,,,,"$14,520,730 ",rosede01
119,Derrick White,BOS,"$16,892,857 ","$18,107,143 ","$19,321,429 ",,,,"$54,321,429 ",whitede01
120,Desmond Bane,MEM,"$2,130,240 ","$3,845,083 ",,,,,"$5,975,323 ",banede01
121,Devin Booker,PHO,"$33,833,400 ","$36,016,200 ","$48,877,500 ","$52,787,700 ","$56,697,900 ","$60,608,100 ","$288,820,800 ",bookede01
122,Devin Cannady,ORL,"$1,752,638 ",,,,,,"$1,752,638 ",cannade01
123,Devin Vassell,SAS,"$4,437,000 ","$5,887,899 ",,,,,"$10,324,899 ",vassede01
124,Devonte' Graham,SAS,"$11,550,000 ","$12,100,000 ","$12,650,000 ",,,,"$26,500,000 ",grahade01
125,Dewayne Dedmon,DET,"$7,566,667 ","$2,866,667 ","$2,866,667 ",,,,"$8,600,001 ",dedmode01
126,Dewayne Dedmon,SAS,"$7,566,667 ","$2,866,667 ","$2,866,667 ",,,,"$4,700,000 ",dedmode01
127,Didi Louzada,POR,"$268,032 ","$268,032 ","$268,032 ","$268,032 ","$268,032 ","$268,032 ","$1,876,224 ",louzama01
128,Dillon Brooks,MEM,"$11,400,000 ",,,,,,"$11,400,000 ",brookdi01
129,Domantas Sabonis,SAC,"$18,500,000 ","$19,400,000 ",,,,,"$37,900,000 ",sabondo01
130,Donovan Mitchell,CLE,"$30,351,780 ","$32,600,060 ","$34,848,340 ","$37,096,620 ",,,"$97,800,180 ",mitchdo01
131,Donovan Williams,BRK,,,,,,,"$1,017,781 ",willido02
132,Donte DiVincenzo,GSW,"$4,500,000 ","$4,725,000 ",,,,,"$4,500,000 ",divindo01
133,Dorian Finney-Smith,BRK,"$12,402,000 ","$13,394,160 ","$14,386,320 ","$15,378,480 ",,,"$40,182,480 ",finnedo01
134,Doug McDermott,SAS,"$13,750,000 ","$13,750,000 ",,,,,"$27,500,000 ",mcderdo01
135,Draymond Green,GSW,"$25,806,468 ","$27,586,224 ",,,,,"$25,806,468 ",greendr01
136,Drew Eubanks,POR,"$1,836,090 ",,,,,,"$1,836,090 ",eubandr01
137,Duncan Robinson,MIA,"$16,902,000 ","$18,154,000 ","$19,406,000 ","$19,888,000 ",,,"$64,350,000 ",robindu01
138,Dwight Powell,DAL,"$11,080,125 ",,,,,,"$11,080,125 ",poweldw01
139,Dylan Windler,CLE,"$4,037,278 ",,,,,,"$4,037,278 ",windldy01
140,Dyson Daniels,NOP,"$5,508,600 ","$5,784,120 ","$6,059,520 ","$7,707,709 ",,,"$11,292,720 ",daniedy01
141,Edmond Sumner,BRK,"$1,968,175 ","$2,239,943 ",,,,,"$1,968,175 ",sumneed01
142,Eric Bledsoe,POR,"$1,300,000 ","$1,300,000 ","$1,300,000 ",,,,"$3,900,000 ",bledser01
143,Eric Gordon,LAC,"$19,568,360 ","$20,917,902 ",,,,,"$19,568,360 ",gordoer01
144,Evan Fournier,NYK,"$18,000,000 ","$18,857,143 ","$19,000,000 ",,,,"$55,857,143 ",fournev01
145,Evan Mobley,CLE,"$8,478,720 ","$8,882,640 ","$11,227,657 ",,,,"$17,361,360 ",mobleev01
146,Frank Kaminsky,HOU,"$1,836,090 ",,,,,,"$1,836,090 ",kaminfr01
147,Frank Ntilikina,DAL,"$2,036,318 ",,,,,,,ntilila01
148,Franz Wagner,ORL,"$5,258,280 ","$5,508,720 ","$7,007,092 ",,,,"$10,767,000 ",wagnefr01
149,Fred VanVleet,TOR,"$21,250,000 ","$22,824,074 ",,,,,"$21,250,000 ",vanvlfr01
150,Furkan Korkmaz,PHI,"$5,000,000 ","$5,370,370 ",,,,,"$10,370,370 ",korkmfu01
151,Gabe Vincent,MIA,"$1,815,677 ",,,,,,,vincega01
152,Garrett Temple,NOP,"$5,155,500 ","$5,401,000 ",,,,,"$5,155,500 ",templga01
153,Garrison Mathews,ATL,"$2,000,000 ","$2,000,000 ","$2,230,253 ",,,,,mathega01
154,Gary Harris,ORL,"$13,000,000 ","$13,000,000 ",,,,,"$13,000,000 ",harriga01
155,Gary Payton II,GSW,"$8,300,000 ","$8,715,000 ","$9,130,000 ",,,,"$17,015,000 ",paytoga02
156,Gary Trent Jr.,TOR,"$17,505,000 ","$18,785,000 ",,,,,"$17,505,000 ",trentga02
157,George Hill,IND,"$4,000,000 ",,,,,,"$4,000,000 ",hillge01
158,Georges Niang,PHI,"$3,465,000 ",,,,,,"$3,465,000 ",niangge01
159,Giannis Antetokounmpo,MIL,"$42,492,492 ","$45,640,084 ","$48,787,676 ","$51,935,268 ",,,"$136,920,252 ",antetgi01
160,Goga Bitadze,IND,"$4,765,339 ",,,,,,"$4,765,339 ",bitadgo01
161,Goran Dragi?,CHI,"$1,836,090 ",,,,,,"$1,836,090 ",dragigo01
162,Gordon Hayward,CHO,"$30,075,000 ","$31,500,000 ",,,,,"$61,575,000 ",haywago01
163,Gorgui Dieng,SAS,"$1,836,090 ",,,,,,"$1,836,090 ",dienggo01
164,Grant Williams,BOS,"$4,306,281 ",,,,,,"$4,306,281 ",willigr01
165,Grayson Allen,MIL,"$8,500,000 ","$8,500,000 ",,,,,"$17,000,000 ",allengr01
166,Greg Brown III,POR,"$1,563,518 ",,,,,,"$1,563,518 ",browngr01
167,Hamidou Diallo,DET,"$5,200,000 ",,,,,,"$5,200,000 ",diallha01
168,Harrison Barnes,SAC,"$18,352,273 ",,,,,,"$18,352,273 ",barneha02
169,Haywood Highsmith,MIA,"$1,752,638 ","$1,902,137 ",,,,,,highsha01
170,Herbert Jones,NOP,"$1,785,000 ","$1,836,096 ",,,,,"$1,785,000 ",joneshe01
171,Immanuel Quickley,NYK,"$2,316,240 ","$4,171,548 ",,,,,"$6,487,788 ",quickim01
172,Isaac Okoro,CLE,"$7,040,880 ","$8,920,795 ",,,,,"$15,961,675 ",okorois01
173,Isaiah Hartenstein,NYK,"$7,804,879 ","$8,195,121 ",,,,,"$16,000,000 ",harteis01
174,Isaiah Jackson,IND,"$2,573,760 ","$2,696,280 ","$4,435,381 ",,,,"$5,270,040 ",jacksis01
175,Isaiah Joe,OKC,"$1,836,090 ","$1,997,238 ","$2,164,993 ",,,,"$1,836,090 ",joeis01
176,Isaiah Livers,DET,"$1,563,518 ","$1,836,096 ",,,,,"$1,563,518 ",liveris01
177,Isaiah Roby,SAS,"$1,930,681 ",,,,,,"$1,930,681 ",robyis01
178,Isaiah Stewart,DET,"$3,433,320 ","$5,266,713 ",,,,,"$8,700,033 ",stewais01
179,Isaiah Todd,WAS,"$1,575,000 ","$1,836,096 ","$1,988,598 ",,,,"$3,411,096 ",toddis01
180,Ish Smith,DEN,"$4,725,000 ",,,,,,"$4,725,000 ",smithis01
181,Ish Wainright,TOR,,,,,,,"$125,000 ",wainris01
182,Ivica Zubac,LAC,"$10,123,457 ","$10,933,333 ","$11,743,210 ",,,,"$32,800,000 ",zubaciv01
183,Ja Morant,MEM,"$12,119,440 ","$33,250,000 ","$35,910,000 ","$38,570,000 ","$41,230,000 ","$43,890,000 ","$204,969,440 ",moranja01
184,Jabari Smith Jr.,HOU,"$8,882,640 ","$9,326,520 ","$9,770,880 ","$12,350,392 ",,,"$18,209,160 ",smithja05
185,Jabari Walker,POR,"$1,017,781 ","$1,719,864 ","$2,019,699 ",,,,"$1,417,781 ",walkeja01
186,Jaden Hardy,DAL,"$1,017,781 ","$1,719,864 ","$2,019,699 ",,,,"$3,137,645 ",hardyja02
187,Jaden Ivey,DET,"$7,252,200 ","$7,614,480 ","$7,977,240 ","$10,107,163 ",,,"$14,866,680 ",iveyja01
188,Jaden McDaniels,MIN,"$2,161,440 ","$3,901,399 ",,,,,"$6,062,839 ",mcdanja02
189,Jaden Springer,PHI,"$2,125,200 ","$2,226,240 ","$4,018,363 ",,,,"$4,351,440 ",sprinja01
190,Jae Crowder,MIL,"$10,183,800 ",,,,,,"$10,183,800 ",crowdja01
191,Jae'Sean Tate,HOU,"$7,065,217 ","$6,500,000 ","$7,065,217 ",,,,"$13,565,217 ",tateja01
192,Jahmi'us Ramsey,OKC,,,,,,,"$1,836,090 ",ramseja01
193,Jake LaRavia,MEM,"$3,047,640 ","$3,199,920 ","$3,352,680 ","$5,163,127 ",,,"$6,247,560 ",laravja01
194,Jakob Poeltl,TOR,"$9,398,148 ",,,,,,"$9,398,148 ",poeltja01
195,Jalen Brunson,NYK,"$27,733,332 ","$26,346,666 ","$24,960,001 ","$24,960,001 ",,,"$79,039,999 ",brunsja01
196,Jalen Duren,DET,"$4,124,280 ","$4,330,680 ","$4,536,840 ","$6,483,144 ",,,"$8,454,960 ",durenja01
197,Jalen Green,HOU,"$9,441,840 ","$9,891,480 ","$12,483,048 ",,,,"$19,333,320 ",greenja05
198,Jalen Johnson,ATL,"$2,792,640 ","$2,925,360 ","$4,510,905 ",,,,"$5,718,000 ",johnsja05
199,Jalen McDaniels,PHI,"$1,930,681 ",,,,,,"$1,930,681 ",mcdanja01
200,Jalen Smith,IND,"$4,670,160 ","$5,043,773 ","$5,417,386 ",,,,"$9,713,933 ",smithja04
201,Jalen Suggs,ORL,"$6,922,320 ","$7,252,080 ","$9,188,385 ",,,,"$14,174,400 ",suggsja01
202,Jalen Williams,OKC,"$4,341,480 ","$4,558,680 ","$4,775,760 ","$6,580,997 ",,,"$8,900,160 ",willija06
203,Jamal Murray,DEN,"$31,650,600 ","$33,833,400 ","$36,016,200 ",,,,"$101,500,200 ",murraja01
204,James Bouknight,CHO,"$4,362,240 ","$4,570,080 ","$6,064,496 ",,,,"$8,932,320 ",bouknja01
205,James Harden,PHI,"$33,000,000 ","$35,640,000 ",,,,,"$33,000,000 ",hardeja01
206,James Johnson,IND,"$1,836,090 ",,,,,,,johnsja01
207,James Wiseman,DET,"$9,603,360 ","$12,119,440 ",,,,,"$9,603,360 ",wisemja01
208,JaMychal Green,GSW,"$10,036,090 ",,,,,,"$1,836,090 ",greenja01
209,JaMychal Green,OKC,"$10,036,090 ",,,,,,"$8,200,000 ",greenja01
210,Jared Butler,UTA,"$1,563,518 ",,,,,,"$1,563,518 ",butleja02
211,Jared Rhoden,ATL,,,,,,,"$1,017,781 ",rhodeja01
212,Jaren Jackson Jr.,MEM,"$28,946,605 ","$27,102,202 ","$25,257,798 ","$23,413,395 ",,,"$104,720,000 ",jacksja02
213,Jarred Vanderbilt,LAL,"$4,374,000 ","$4,698,000 ",,,,,"$4,674,000 ",vandeja01
214,Jarrett Allen,CLE,"$20,000,000 ","$20,000,000 ","$20,000,000 ","$20,000,000 ",,,"$80,000,000 ",allenja01
215,Jason Preston,LAC,"$1,563,518 ","$1,836,096 ",,,,,"$1,563,518 ",prestja01
216,JaVale McGee,DAL,"$5,461,219 ","$5,734,280 ","$6,007,341 ",,,,"$17,202,840 ",mcgeeja01
217,Javonte Green,CHI,"$1,815,677 ",,,,,,"$1,815,677 ",greenja02
218,Jaxson Hayes,NOP,"$6,803,012 ",,,,,,"$6,803,012 ",hayesja02
219,Jaylen Brown,BOS,"$28,741,071 ","$30,723,215 ",,,,,"$59,464,286 ",brownja02
220,Jaylen Nowell,MIN,"$1,930,681 ",,,,,,,nowelja01
221,Jaylin Williams,OKC,"$2,000,000 ","$2,000,000 ","$2,019,699 ","$2,187,451 ",,,"$4,000,000 ",willija07
222,Jayson Tatum,BOS,"$30,351,780 ","$32,600,060 ","$34,848,340 ","$37,096,620 ",,,"$97,800,180 ",tatumja01
223,Jeff Green,DEN,"$4,500,000 ",,,,,,"$4,500,000 ",greenje02
224,Jerami Grant,POR,"$20,955,000 ",,,,,,"$20,955,000 ",grantje01
225,Jeremiah Robinson-Earl,OKC,"$2,000,000 ","$1,900,000 ","$1,988,598 ",,,,"$2,000,000 ",robinje02
226,Jeremy Sochan,SAS,"$5,063,520 ","$5,316,960 ","$5,570,040 ","$7,096,231 ",,,"$10,380,480 ",sochaje01
227,Jericho Sims,NYK,"$1,639,842 ","$1,927,896 ","$2,092,344 ",,,,"$2,239,842 ",simsje01
228,Jevon Carter,MIL,"$6,025,000 ","$2,239,943 ",,,,,"$2,100,000 ",carteje01
229,Jevon Carter,BRK,"$6,025,000 ","$2,239,943 ",,,,,"$3,925,000 ",carteje01
230,Jimmy Butler,MIA,"$37,653,300 ","$45,183,960 ","$48,798,677 ","$52,413,394 ",,,"$131,635,937 ",butleji01
231,Jock Landale,PHO,"$1,563,518 ",,,,,,"$46,120 ",landajo01
232,Joe Harris,BRK,"$18,642,857 ","$19,928,571 ",,,,,"$38,571,428 ",harrijo01
233,Joe Ingles,MIL,"$6,479,000 ",,,,,,"$6,479,000 ",inglejo01
234,Joe Wieskamp,SAS,"$2,175,000 ",,,,,,"$2,175,000 ",wieskjo01
235,Joel Embiid,PHI,"$33,616,770 ","$46,550,000 ","$50,274,000 ","$53,998,000 ","$57,722,000 ",,"$184,438,770 ",embiijo01
236,John Butler,NOP,,,,,,,"$1,563,518 ",butlejo01
237,John Collins,ATL,"$23,500,000 ","$25,340,000 ","$26,580,000 ","$26,580,000 ",,,"$102,000,000 ",collijo01
238,John Konchar,MEM,"$2,300,000 ","$2,400,000 ","$6,165,000 ","$6,165,000 ","$6,165,000 ",,"$21,735,000 ",konchjo01
239,John Wall,HOU,"$47,345,760 ","$6,802,950 ",,,,,"$54,148,710 ",walljo01
240,John Wall,HOU,"$47,345,760 ","$6,802,950 ",,,,,"$54,148,710 ",walljo01
241,Johnny Davis,WAS,"$4,810,320 ","$5,050,800 ","$5,291,160 ","$6,746,229 ",,,"$9,861,120 ",davisjo06
242,Jonas Valan?i?nas,NOP,"$14,700,000 ","$15,435,000 ",,,,,"$30,135,000 ",valanjo01
243,Jonathan Isaac,ORL,"$17,400,000 ","$17,400,000 ","$17,400,000 ",,,,"$23,400,000 ",isaacjo01
244,Jonathan Kuminga,GSW,"$5,739,840 ","$6,012,840 ","$7,636,307 ",,,,"$11,752,680 ",kuminjo01
245,Jordan Clarkson,UTA,"$13,340,000 ","$14,260,000 ",,,,,"$13,340,000 ",clarkjo01
246,Jordan McLaughlin,MIN,"$2,160,000 ","$2,320,000 ",,,,,"$2,160,000 ",mclaujo01
247,Jordan Nwora,IND,"$3,000,000 ","$3,200,000 ",,,,,"$6,200,000 ",nworajo01
248,Jordan Poole,GSW,"$3,901,399 ","$28,705,357 ","$30,901,786 ","$33,098,215 ","$35,294,642 ",,"$131,901,399 ",poolejo01
249,Jose Alvarado,NOP,"$1,563,518 ","$1,836,096 ","$1,988,598 ",,,,"$1,563,518 ",alvarjo01
250,Josh Christopher,HOU,"$2,372,160 ","$2,485,200 ","$4,346,615 ",,,,"$4,857,360 ",chrisjo01
251,Josh Giddey,OKC,"$6,287,400 ","$6,587,040 ","$8,352,367 ",,,,"$12,874,440 ",giddejo01
252,Josh Green,DAL,"$3,098,400 ","$4,765,339 ",,,,,"$7,863,739 ",greenjo02
253,Josh Hart,NYK,"$12,960,000 ","$12,960,000 ",,,,,,hartjo01
254,Josh Minott,MIN,"$1,017,781 ","$1,719,864 ","$2,019,699 ","$2,187,451 ",,,"$2,737,645 ",minotjo01
255,Josh Okogie,PHO,"$1,836,090 ",,,,,,"$1,836,090 ",okogijo01
256,Josh Richardson,NOP,"$12,196,094 ",,,,,,"$12,196,094 ",richajo01
257,Joshua Primo,SAS,"$4,144,320 ","$4,341,600 ",,,,,"$8,485,920 ",primojo01
258,Jrue Holiday,MIL,"$33,665,040 ","$36,158,747 ","$38,652,454 ",,,,"$69,823,787 ",holidjr01
259,JT Thor,CHO,"$1,563,518 ","$1,836,096 ","$1,988,598 ",,,,"$1,563,518 ",thorjt01
260,Juan Toscano-Anderson,UTA,"$1,836,090 ",,,,,,"$1,836,090 ",toscaju01
261,Juancho Hernangómez,TOR,"$1,836,090 ",,,,,,"$1,836,090 ",hernaju01
262,Julius Randle,NYK,"$23,760,000 ","$25,660,800 ","$27,561,600 ","$29,462,400 ",,,"$76,982,400 ",randlju01
263,Justin Holiday,HOU,"$6,292,440 ",,,,,,"$6,292,440 ",holidju01
264,Justin Jackson,OKC,"$1,836,090 ",,,,,,,jacksju01
265,Justise Winslow,POR,"$4,097,561 ",,,,,,"$4,097,561 ",winslju01
266,Jusuf Nurki?,POR,"$15,625,000 ","$16,875,000 ","$18,125,000 ","$19,375,000 ",,,"$70,000,000 ",nurkiju01
267,Juwan Morgan,IND,"$576,230 ","$576,230 ","$576,229 ",,,,"$1,728,689 ",morgaju01
268,Juwan Morgan,LAC,"$576,230 ","$576,230 ","$576,229 ",,,,"$1,902,133 ",morgaju01
269,Kai Jones,CHO,"$2,909,040 ","$3,047,880 ","$4,693,735 ",,,,"$5,956,920 ",joneska01
270,Karl-Anthony Towns,MIN,"$33,833,400 ","$36,016,200 ","$48,877,500 ","$52,787,700 ","$56,697,900 ","$60,608,100 ","$228,212,700 ",townska01
271,Kawhi Leonard,LAC,"$42,492,492 ","$45,640,084 ","$48,787,676 ",,,,"$88,132,576 ",leonaka01
272,Keegan Murray,SAC,"$8,008,440 ","$8,409,000 ","$8,809,560 ","$11,144,093 ",,,"$16,417,440 ",murrake02
273,Keita Bates-Diop,SAS,"$1,878,720 ",,,,,,,bateske01
274,Kelan Martin,NOP,,,,,,,"$1,836,090 ",martike03
275,Keldon Johnson,SAS,"$3,873,025 ","$20,000,000 ","$19,000,000 ","$17,500,000 ","$17,500,000 ",,"$77,873,025 ",johnske04
276,Kelly Olynyk,UTA,"$12,804,878 ","$12,195,122 ",,,,,"$15,804,878 ",olynyke01
277,Kelly Oubre Jr.,CHO,"$12,600,000 ",,,,,,"$5,000,000 ",oubreke01
278,Kemba Walker,DAL,"$37,281,261 ",,,,,,"$684,712 ",walkeke02
279,Kemba Walker,DET,"$37,281,261 ",,,,,,"$9,165,471 ",walkeke02
280,Kemba Walker,OKC,"$37,281,261 ",,,,,,"$27,431,078 ",walkeke02
281,Kendrick Nunn,WAS,"$5,250,000 ",,,,,,"$5,250,000 ",nunnke01
282,Kennedy Chandler,MEM,"$1,200,000 ","$1,719,864 ","$2,019,699 ","$2,187,451 ",,,"$7,127,014 ",chandke01
283,Kenrich Williams,OKC,"$2,000,000 ","$6,175,000 ","$6,669,000 ","$7,163,000 ","$7,163,000 ",,"$20,007,000 ",willike04
284,Kentavious Caldwell-Pope,DEN,"$14,004,703 ","$14,704,938 ","$15,440,185 ",,,,"$19,593,056 ",caldwke01
285,Kenyon Martin Jr.,HOU,"$1,782,621 ","$1,930,681 ",,,,,,martike04
286,Keon Johnson,POR,"$2,681,040 ","$2,808,720 ","$4,474,291 ",,,,"$5,489,760 ",johnske07
287,Kessler Edwards,SAC,"$1,637,966 ","$1,927,896 ",,,,,"$1,637,966 ",edwarke02
288,Kevin Durant,PHO,"$44,119,845 ","$47,649,433 ","$51,179,021 ","$54,708,609 ",,,"$197,656,908 ",duranke01
289,Kevin Huerter,SAC,"$14,508,929 ","$15,669,643 ","$16,830,357 ","$17,991,071 ",,,"$65,000,000 ",huertke01
290,Kevin Knox,POR,"$3,000,000 ","$3,000,000 ",,,,,"$3,000,000 ",knoxke01
291,Kevin Love,CLE,"$28,942,830 ",,,,,,"$28,942,830 ",loveke01
292,Kevin Porter Jr.,HOU,"$3,217,631 ","$18,239,000 ","$18,239,000 ","$18,239,000 ","$18,239,000 ",,"$21,456,631 ",porteke02
293,Kevon Looney,GSW,"$8,000,000 ","$8,500,000 ","$9,000,000 ",,,,"$25,500,000 ",looneke01
294,Khem Birch,SAS,"$6,667,500 ","$6,985,000 ",,,,,"$13,652,500 ",birchkh01
295,Khris Middleton,MIL,"$37,948,276 ","$40,396,552 ",,,,,"$37,948,276 ",middlkh01
296,Killian Hayes,DET,"$5,837,760 ","$7,413,955 ",,,,,"$13,251,715 ",hayeski01
297,Kira Lewis Jr.,NOP,"$4,004,280 ","$5,722,116 ",,,,,"$9,726,396 ",lewiski01
298,Klay Thompson,GSW,"$40,600,080 ","$43,219,440 ",,,,,"$83,819,520 ",thompkl01
299,Kristaps Porzi??is,WAS,"$33,833,400 ","$36,016,200 ",,,,,"$33,833,400 ",porzikr01
300,Kyle Anderson,MIN,"$8,780,488 ","$9,219,512 ",,,,,"$18,000,000 ",anderky01
301,Kyle Kuzma,WAS,"$13,000,000 ","$13,000,000 ",,,,,"$13,000,000 ",kuzmaky01
302,Kyle Lowry,MIA,"$28,333,334 ","$29,682,540 ",,,,,"$58,015,874 ",lowryky01
303,Kyle Singler,OKC,"$999,200 ",,,,,,"$999,200 ",singlky01
304,Kyrie Irving,DAL,"$36,934,550 ",,,,,,"$36,934,550 ",irvinky01
305,KZ Okpala,SAC,"$1,902,133 ","$2,066,585 ",,,,,,okpalkz01
306,Lamar Stevens,CLE,"$1,782,621 ","$1,930,681 ",,,,,,stevela01
307,LaMelo Ball,CHO,"$8,623,920 ","$10,900,635 ",,,,,"$19,524,555 ",ballla01
308,Landry Shamet,PHO,"$9,500,000 ","$10,250,000 ","$11,000,000 ","$11,750,000 ",,,"$42,500,000 ",shamela01
309,Larry Nance Jr.,NOP,"$9,672,727 ","$10,375,000 ","$11,205,000 ",,,,"$31,252,727 ",nancela02
310,Lauri Markkanen,UTA,"$16,475,454 ","$17,259,999 ","$18,044,544 ",,,,"$39,735,453 ",markkla01
311,Leandro Bolmaro,UTA,"$2,471,160 ",,,,,,"$2,471,160 ",bolmale01
312,LeBron James,LAL,"$44,474,988 ","$53,369,986 ","$57,639,585 ",,,,"$97,844,974 ",jamesle01
313,Lonnie Walker IV,LAL,"$6,479,000 ",,,,,,"$6,479,000 ",walkelo01
314,Lonzo Ball,CHI,"$19,534,884 ","$20,465,117 ","$21,395,348 ",,,,"$40,000,001 ",balllo01
315,Luguentz Dort,OKC,"$15,277,778 ","$15,277,778 ","$16,500,000 ","$17,722,222 ","$17,722,222 ",,"$64,777,778 ",dortlu01
316,Luka Don?i?,DAL,"$37,096,500 ","$40,064,220 ","$43,031,940 ","$45,999,660 ","$48,967,380 ",,"$215,159,700 ",doncilu01
317,Luke Kennard,MEM,"$14,415,545 ","$15,418,363 ","$15,418,363 ",,,,"$29,833,908 ",kennalu01
318,Luke Kornet,BOS,"$2,133,278 ","$2,413,304 ",,,,,"$4,546,582 ",kornelu01
319,Mac McClung,GSW,"$1,637,966 ",,,,,,"$1,637,966 ",mccluma01
320,Mac McClung,PHI,"$1,637,966 ",,,,,,"$1,637,966 ",mccluma01
321,Malachi Flynn,TOR,"$2,145,720 ","$3,873,025 ",,,,,"$6,018,745 ",flynnma01
322,Malaki Branham,SAS,"$2,925,600 ","$3,071,880 ","$3,217,920 ","$4,962,033 ",,,"$5,997,480 ",branhma01
323,Malcolm Brogdon,BOS,"$22,600,000 ","$22,500,000 ","$22,500,000 ",,,,"$67,600,000 ",brogdma01
324,Malik Beasley,LAL,"$15,558,035 ","$16,524,106 ",,,,,"$15,558,035 ",beaslma01
325,Malik Fitts,IND,"$555,217 ","$555,217 ","$555,216 ",,,,"$1,665,650 ",fittsma01
326,Malik Fitts,LAC,"$555,217 ","$555,217 ","$555,216 ",,,,"$1,836,090 ",fittsma01
327,Malik Monk,SAC,"$9,472,219 ","$9,945,830 ",,,,,"$19,418,049 ",monkma01
328,Marcus Morris,LAC,"$16,372,093 ","$17,116,279 ",,,,,"$33,488,372 ",morrima03
329,Marcus Smart,BOS,"$17,207,142 ","$18,583,713 ","$19,960,284 ","$21,336,855 ",,,"$77,087,994 ",smartma01
330,MarJon Beauchamp,MIL,"$2,485,200 ","$2,609,400 ","$2,733,720 ","$4,781,276 ",,,"$5,094,600 ",beaucma01
331,Mark Williams,CHO,"$3,722,040 ","$3,908,160 ","$4,094,280 ","$6,276,531 ",,,"$7,630,200 ",willima07
332,Markelle Fultz,ORL,"$16,500,000 ","$17,000,000 ",,,,,"$18,500,000 ",fultzma01
333,Markieff Morris,DAL,"$1,836,090 ",,,,,,,morrima02
334,Marko Simonovic,CHI,"$1,563,518 ","$1,836,096 ",,,,,"$1,563,518 ",simonma01
335,Marquese Chriss,OKC,"$2,193,920 ",,,,,,"$2,193,920 ",chrisma01
336,Marvin Bagley III,DET,"$12,500,000 ","$12,500,000 ","$12,500,000 ",,,,"$37,500,000 ",baglema01
337,Mason Plumlee,LAC,"$9,080,417 ",,,,,,"$9,080,417 ",plumlma01
338,Matisse Thybulle,POR,"$4,379,527 ",,,,,,"$4,379,527 ",thybuma01
339,Matt Ryan,LAL,,,,,,,,ryanma01
340,Matthew Dellavedova,SAC,"$1,836,090 ",,,,,,"$250,000 ",dellama01
341,Maurice Harkless,HOU,"$4,564,980 ",,,,,,"$4,564,980 ",harklma01
342,Max Christie,LAL,"$1,017,781 ","$1,719,864 ",,,,,"$2,737,645 ",chrisma02
343,Max Strus,MIA,"$1,815,677 ",,,,,,,strusma01
344,Maxi Kleber,DAL,"$9,000,000 ","$11,000,000 ","$11,000,000 ","$11,000,000 ",,,"$42,000,000 ",klebima01
345,Michael Porter Jr.,DEN,"$30,913,750 ","$33,386,850 ","$35,859,950 ","$38,333,050 ","$40,806,150 ",,"$150,493,600 ",portemi01
346,Mikal Bridges,BRK,"$20,100,000 ","$21,700,000 ","$23,300,000 ","$24,900,000 ",,,"$90,000,000 ",bridgmi01
347,Mike Conley,MIN,"$22,680,000 ","$24,360,000 ",,,,,"$37,000,000 ",conlemi01
348,Mike Muscala,BOS,"$3,500,000 ","$3,500,000 ",,,,,"$3,500,000 ",muscami01
349,Miles McBride,NYK,"$1,563,518 ","$1,836,096 ",,,,,"$1,563,518 ",mcbrimi01
350,Mitchell Robinson,NYK,"$17,045,454 ","$15,681,818 ","$14,318,182 ","$12,954,546 ",,,"$60,000,000 ",robinmi01
351,Mo Bamba,LAL,"$10,300,000 ","$10,300,000 ",,,,,"$10,300,000 ",bambamo01
352,Monte Morris,WAS,"$9,125,000 ","$9,800,926 ",,,,,"$18,925,926 ",morrimo01
353,Montrezl Harrell,PHI,"$2,463,490 ","$2,760,026 ",,,,,"$2,463,490 ",harremo01
354,Moritz Wagner,ORL,"$1,878,720 ",,,,,,,wagnemo01
355,Moses Moody,GSW,"$3,740,160 ","$3,918,480 ","$5,803,269 ",,,,"$7,658,640 ",moodymo01
356,Myles Turner,IND,"$35,069,500 ","$20,975,000 ","$19,928,500 ",,,,"$75,973,000 ",turnemy01
357,Naji Marshall,NOP,"$1,782,621 ","$1,930,681 ",,,,,,marshna01
358,Nassir Little,POR,"$4,171,548 ","$6,250,000 ","$6,750,000 ","$7,250,000 ","$7,750,000 ",,"$32,171,548 ",littlna01
359,Nate Darling,LAC,,,,,,,"$1,637,966 ",darlina01
360,Nathan Knight,MIN,"$1,836,090 ","$1,997,238 ",,,,,"$350,000 ",knighna01
361,Naz Reid,MIN,"$1,930,681 ",,,,,,,reidna01
362,Nerlens Noel,DET,"$9,240,000 ","$9,680,000 ",,,,,"$9,240,000 ",noelne01
363,Nic Claxton,BRK,"$8,500,000 ","$8,750,000 ",,,,,"$17,250,000 ",claxtni01
364,Nick Richards,CHO,"$1,782,621 ",,,,,,,richani01
365,Nickeil Alexander-Walker,MIN,"$5,009,633 ",,,,,,"$5,009,633 ",alexani01
366,Nicolas Batum,CHO,"$19,700,319 ","$11,710,818 ",,,,,"$8,856,969 ",batumni01
367,Nicolas Batum,LAC,"$19,700,319 ","$11,710,818 ",,,,,"$22,554,168 ",batumni01
368,Nik Stauskas,IND,"$702,311 ","$702,311 ","$702,310 ",,,,"$2,106,932 ",stausni01
369,Nikola Joki?,DEN,"$33,047,803 ","$46,550,000 ","$50,274,000 ","$53,998,000 ","$57,722,000 ","$61,446,000 ","$241,591,803 ",jokicni01
370,Nikola Jovi?,MIA,"$2,239,920 ","$2,352,000 ","$2,464,200 ","$4,445,417 ",,,"$4,591,920 ",jovicni01
371,Nikola Vu?evi?,CHI,"$22,000,000 ",,,,,,"$22,000,000 ",vucevni01
372,Noah Vonleh,SAS,"$1,160,955 ",,,,,,"$1,160,955 ",vonleno01
373,Norman Powell,LAC,"$16,758,621 ","$18,000,000 ","$19,241,379 ","$20,482,758 ",,,"$74,482,758 ",powelno01
374,Nuni Omot,NYK,,,,,,,"$1,017,781 ",omotnu01
375,Obi Toppin,NYK,"$5,348,280 ","$6,803,012 ",,,,,"$12,151,292 ",toppiob01
376,Ochai Agbaji,UTA,"$3,918,360 ","$4,114,200 ","$4,310,280 ","$6,383,525 ",,,"$8,032,560 ",agbajoc01
377,OG Anunoby,TOR,"$17,357,143 ","$18,642,857 ","$19,928,571 ",,,,"$36,000,000 ",anunoog01
378,Omer Yurtseven,MIA,"$1,752,638 ",,,,,,,yurtsom01
379,Onyeka Okongwu,ATL,"$6,395,160 ","$8,109,063 ",,,,,"$14,504,223 ",okongon01
380,Oshae Brissett,IND,"$1,846,738 ",,,,,,,brissos01
381,Otto Porter Jr.,TOR,"$6,000,000 ","$6,300,000 ",,,,,"$6,000,000 ",porteot01
382,Ousmane Dieng,OKC,"$4,569,840 ","$4,798,440 ","$5,027,040 ","$6,670,882 ",,,"$9,368,280 ",diengou01
383,P.J. Tucker,PHI,"$10,490,000 ","$11,014,500 ","$11,539,000 ",,,,"$21,504,500 ",tuckepj01
384,P.J. Washington,CHO,"$5,808,435 ",,,,,,"$5,808,435 ",washipj01
385,Paolo Banchero,ORL,"$11,055,120 ","$11,608,080 ","$12,160,800 ","$15,334,769 ",,,"$22,663,200 ",banchpa01
386,Pascal Siakam,TOR,"$35,448,672 ","$37,893,408 ",,,,,"$73,342,080 ",siakapa01
387,Pat Connaughton,MIL,"$5,728,393 ","$9,423,869 ","$9,423,869 ","$9,423,869 ",,,"$34,000,000 ",connapa01
388,Patrick Baldwin Jr.,GSW,"$2,226,000 ","$2,337,720 ","$2,448,840 ","$4,420,156 ",,,"$4,563,720 ",baldwpa01
389,Patrick Beverley,ORL,"$13,000,000 ",,,,,,"$13,000,000 ",beverpa01
390,Patrick Williams,CHI,"$7,775,400 ","$9,835,881 ",,,,,"$17,611,281 ",willipa01
391,Patty Mills,BRK,"$6,479,000 ","$6,802,950 ",,,,,"$13,281,950 ",millspa02
392,Paul George,LAC,"$42,492,492 ","$45,640,084 ","$48,787,676 ",,,,"$88,132,576 ",georgpa01
393,Paul Reed,PHI,"$1,782,621 ",,,,,,,reedpa01
394,Payton Pritchard,BOS,"$2,239,200 ","$4,037,277 ",,,,,"$6,276,477 ",pritcpa01
395,Peyton Watson,DEN,"$2,193,960 ","$2,303,520 ","$2,413,560 ","$4,356,476 ",,,"$4,497,480 ",watsope01
396,Precious Achiuwa,TOR,"$2,840,160 ","$4,379,527 ",,,,,"$7,219,687 ",achiupr01
397,Quentin Grimes,NYK,"$2,277,000 ","$2,385,720 ","$4,296,682 ",,,,"$4,662,720 ",grimequ01
398,Quenton Jackson,WAS,,,,,,,"$1,017,781 ",jacksqu01
399,R.J. Hampton,ORL,"$2,412,840 ",,,,,,"$2,412,840 ",hamptrj01
400,Raul Neto,CLE,"$1,836,090 ",,,,,,"$1,836,090 ",netora01
401,Reggie Bullock,DAL,"$10,012,800 ","$10,489,600 ",,,,,"$15,464,000 ",bullore01
402,Reggie Jackson,CHO,"$11,215,260 ",,,,,,"$11,215,260 ",jacksre01
403,Richaun Holmes,SAC,"$11,215,260 ","$12,046,020 ","$12,876,780 ",,,,"$23,261,280 ",holmeri01
404,Ricky Rubio,CLE,"$5,853,659 ","$6,146,342 ","$6,439,025 ",,,,"$16,250,001 ",rubiori01
405,RJ Barrett,NYK,"$10,900,635 ","$23,883,929 ","$25,794,643 ","$27,705,357 ","$29,616,071 ",,"$117,900,635 ",barrerj01
406,Robert Covington,LAC,"$12,307,692 ","$11,692,308 ",,,,,"$24,000,000 ",covinro01
407,Robert Williams,BOS,"$10,937,502 ","$11,812,501 ","$12,687,500 ","$13,562,499 ",,,"$49,000,002 ",williro04
408,Robert Woodard II,OKC,,,,,,,"$1,836,090 ",woodaro01
409,Robin Lopez,CLE,"$1,836,090 ",,,,,,"$1,836,090 ",lopezro01
410,Rodney McGruder,DET,"$1,836,090 ",,,,,,"$1,836,090 ",mcgruro01
411,Romeo Langford,SAS,"$5,634,257 ",,,,,,"$5,634,257 ",langfro01
412,Royce O'Neale,BRK,"$9,200,000 ","$9,500,000 ",,,,,"$11,700,000 ",onealro01
413,Rudy Gay,UTA,"$6,184,500 ","$6,479,000 ",,,,,"$6,184,500 ",gayru01
414,Rudy Gobert,MIN,"$38,172,414 ","$41,000,000 ","$43,827,586 ","$46,655,172 ",,,"$123,000,000 ",goberru01
415,Rui Hachimura,LAL,"$6,263,188 ",,,,,,"$6,263,188 ",hachiru01
416,Russell Westbrook,UTA,"$47,063,478 ",,,,,,"$47,063,478 ",westbru01
417,Ryan Arcidiacono,POR,"$1,836,090 ",,,,,,,arcidry01
418,Ryan Rollins,GSW,"$1,017,781 ","$1,719,864 ","$2,019,699 ",,,,"$2,737,645 ",rolliry01
419,Saddiq Bey,ATL,"$2,959,080 ","$4,556,983 ",,,,,"$7,516,063 ",beysa01
420,Sam Hauser,BOS,"$1,637,966 ","$1,927,896 ","$2,092,344 ",,,,"$5,658,206 ",hausesa01
421,Sam Merrill,SAC,"$150,000 ",,,,,,"$150,000 ",merrisa01
422,Santi Aldama,MEM,"$2,094,120 ","$2,194,200 ","$3,960,531 ",,,,"$4,288,320 ",aldamsa01
423,Scottie Barnes,TOR,"$7,644,600 ","$8,008,680 ","$10,130,980 ",,,,"$15,653,280 ",barnesc01
424,Serge Ibaka,IND,"$1,836,090 ",,,,,,"$1,836,090 ",ibakase01
425,Seth Curry,BRK,"$8,496,653 ",,,,,,"$8,496,653 ",curryse01
426,Shaedon Sharpe,POR,"$6,012,960 ","$6,313,800 ","$6,614,160 ","$8,399,983 ",,,"$12,326,760 ",sharpsh01
427,Shai Gilgeous-Alexander,OKC,"$30,913,750 ","$33,386,850 ","$35,859,950 ","$38,333,050 ","$40,806,150 ",,"$179,299,750 ",gilgesh01
428,Shake Milton,PHI,"$1,997,718 ",,,,,,"$1,997,718 ",miltosh01
429,Simone Fontecchio,UTA,"$3,205,128 ","$3,044,872 ",,,,,"$6,250,000 ",fontesi01
430,Skylar Mays,PHI,,,,,,,"$1,836,090 ",mayssk01
431,Spencer Dinwiddie,BRK,"$20,171,427 ","$21,028,570 ",,,,,"$30,171,427 ",dinwisp01
432,Stanley Johnson,UTA,"$2,351,521 ",,,,,,"$2,351,521 ",johnsst04
433,Stanley Umude,DET,,,,,,,"$1,017,781 ",umudest01
434,Stephen Curry,GSW,"$48,070,014 ","$51,915,615 ","$55,761,216 ","$59,606,817 ",,,"$215,353,662 ",curryst01
435,Sterling Brown,OKC,"$3,000,000 ",,,,,,"$3,000,000 ",brownst02
436,Steven Adams,MEM,"$17,926,829 ","$12,600,000 ","$12,600,000 ",,,,"$43,126,829 ",adamsst01
437,Svi Mykhailiuk,CHO,"$3,714,810 ",,,,,,,mykhasv01
438,Svi Mykhailiuk,TOR,"$3,714,810 ",,,,,,"$1,878,720 ",mykhasv01
439,T.J. McConnell,IND,"$8,100,000 ","$8,700,000 ","$9,300,000 ",,,,"$21,800,000 ",mccontj01
440,T.J. Warren,PHO,"$1,836,090 ",,,,,,"$1,836,090 ",warretj01
441,Taj Gibson,WAS,"$1,836,090 ",,,,,,"$1,836,090 ",gibsota01
442,Talen Horton-Tucker,UTA,"$10,260,000 ","$11,020,000 ",,,,,"$10,260,000 ",hortota01
443,Tari Eason,HOU,"$3,359,160 ","$3,527,160 ","$3,695,160 ","$5,675,766 ",,,"$6,886,320 ",easonta01
444,Taurean Prince,MIN,"$7,295,000 ","$7,650,000 ",,,,,"$14,945,000 ",princta02
445,Terance Mann,LAC,"$1,930,681 ","$10,576,923 ","$11,423,077 ",,,,"$23,930,681 ",mannte01
446,Terence Davis,SAC,"$4,000,000 ",,,,,,"$4,000,000 ",daviste02
447,Terrence Ross,ORL,"$11,500,000 ",,,,,,"$11,500,000 ",rosste01
448,Terry Rozier,CHO,"$21,486,316 ","$23,205,221 ","$24,924,126 ","$26,643,031 ",,,"$96,258,694 ",roziete01
449,Terry Taylor,IND,"$1,563,518 ",,,,,,"$1,563,518 ",taylote01
450,Thaddeus Young,TOR,"$8,000,000 ","$8,000,000 ",,,,,"$9,000,000 ",youngth01
451,Thanasis Antetokounmpo,MIL,"$1,878,720 ",,,,,,"$1,878,720 ",antetth01
452,Théo Maledon,HOU,"$1,900,000 ",,,,,,"$1,900,000 ",maledth01
453,Theo Pinson,DAL,"$1,836,090 ",,,,,,"$1,836,090 ",pinsoth01
454,Thomas Bryant,DEN,"$1,836,090 ",,,,,,"$1,836,090 ",bryanth01
455,Tim Hardaway Jr.,DAL,"$19,602,273 ","$17,897,728 ","$16,193,183 ",,,,"$53,693,184 ",hardati02
456,Tobias Harris,PHI,"$37,633,050 ","$39,270,150 ",,,,,"$76,903,200 ",harrito02
457,Tony Bradley,CHI,"$2,036,318 ",,,,,,"$2,036,318 ",bradlto01
458,Torrey Craig,PHO,"$5,121,951 ",,,,,,"$5,121,951 ",craigto01
459,Trae Young,ATL,"$37,096,500 ","$40,064,220 ","$43,031,940 ","$45,999,660 ","$48,967,380 ",,"$215,159,700 ",youngtr01
460,Tre Jones,SAS,"$1,782,621 ",,,,,,,jonestr01
461,Tre Mann,OKC,"$3,046,200 ","$3,191,400 ","$4,908,373 ",,,,"$6,237,600 ",manntr01
462,Trendon Watford,POR,"$1,563,518 ","$1,836,096 ","$1,988,598 ",,,,"$5,388,212 ",watfotr01
463,Trevelin Queen,PHI,"$330,000 ",,,,,,"$330,000 ",queentr01
464,Trey Lyles,SAC,"$2,625,000 ",,,,,,"$2,625,000 ",lylestr01
465,Trey Murphy III,NOP,"$3,206,520 ","$3,359,280 ","$5,159,854 ",,,,"$6,565,800 ",murphtr02
466,Troy Brown Jr.,LAL,"$1,836,090 ",,,,,,"$1,836,090 ",browntr01
467,Troy Williams,HOU,"$122,741 ",,,,,,"$122,741 ",willitr02
468,Ty Jerome,HOU,"$4,220,057 ",,,,,,"$4,220,057 ",jeromty01
469,Tyler Herro,MIA,"$5,722,116 ","$27,000,000 ","$29,000,000 ","$31,000,000 ","$33,000,000 ",,"$125,722,116 ",herroty01
470,Tyrese Haliburton,IND,"$4,215,120 ","$5,808,435 ",,,,,"$10,023,555 ",halibty01
471,Tyrese Martin,ATL,"$1,017,781 ","$1,719,864 ",,,,,,martity01
472,Tyrese Maxey,PHI,"$2,726,880 ","$4,343,920 ",,,,,"$7,070,800 ",maxeyty01
473,TyTy Washington Jr.,HOU,"$2,210,040 ","$2,320,440 ","$2,431,080 ","$4,388,099 ",,,"$4,530,480 ",washity02
474,Tyus Jones,MEM,"$15,000,000 ","$14,000,000 ",,,,,"$29,000,000 ",jonesty01
475,Udoka Azubuike,UTA,"$2,174,880 ",,,,,,"$2,174,880 ",azubuud01
476,Udonis Haslem,MIA,"$1,836,090 ",,,,,,"$1,836,090 ",hasleud01
477,Usman Garuba,HOU,"$2,471,160 ","$2,588,400 ","$4,392,515 ",,,,"$5,059,560 ",garubus01
478,Vernon Carey Jr.,WAS,"$1,782,621 ","$1,930,681 ",,,,,"$1,782,621 ",careyve01
479,Victor Oladipo,MIA,"$8,750,000 ","$9,450,000 ",,,,,"$8,750,000 ",oladivi01
480,Vit Krejci,ATL,"$1,563,518 ","$1,836,096 ","$1,988,598 ",,,,"$781,759 ",krejcvi01
481,Vlatko ?an?ar,DEN,"$2,234,359 ","$2,234,359 ","$2,346,606 ",,,,"$4,468,718 ",cancavl01
482,Walker Kessler,UTA,"$2,696,400 ","$2,831,160 ","$2,965,920 ","$4,878,938 ",,,"$5,527,560 ",kesslwa01
483,Wendell Carter Jr.,ORL,"$14,150,000 ","$13,050,000 ","$11,950,000 ","$10,850,000 ",,,"$50,000,000 ",cartewe01
484,Wendell Moore Jr.,MIN,"$2,306,520 ","$2,421,720 ","$2,537,040 ","$4,574,283 ",,,"$4,728,240 ",moorewe01
485,Wenyen Gabriel,LAL,"$1,878,720 ",,,,,,"$1,878,720 ",gabriwe01
486,Wesley Matthews,MIL,"$1,836,090 ",,,,,,"$1,836,090 ",matthwe02
487,Will Barton,WAS,"$14,375,000 ",,,,,,"$14,375,000 ",bartowi01
488,Willy Hernangómez,NOP,"$2,443,581 ","$2,559,942 ",,,,,"$2,443,581 ",hernawi01
489,Xavier Tillman Sr.,MEM,"$1,782,621 ","$1,930,681 ",,,,,"$1,782,621 ",tillmxa01
490,Yuta Watanabe,BRK,"$1,836,090 ",,,,,,,watanyu01
491,Zach Collins,SAS,"$7,350,000 ","$7,700,000 ",,,,,"$7,350,000 ",colliza01
492,Zach LaVine,CHI,"$37,096,500 ","$40,064,220 ","$43,031,940 ","$45,999,660 ","$48,967,380 ",,"$166,192,320 ",lavinza01
493,Zeke Nnaji,DEN,"$2,617,800 ","$4,306,281 ",,,,,"$6,924,081 ",nnajize01
494,Ziaire Williams,MEM,"$4,591,680 ","$4,810,200 ","$6,133,005 ",,,,"$9,401,880 ",willizi02
495,Zion Williamson,NOP,"$13,534,817 ","$33,250,000 ","$35,910,000 ","$38,570,000 ","$41,230,000 ","$43,890,000 ","$206,384,817 ",willizi01
